Profile Name,Start Time,Duration,Attributes,Title,Supplemental Video Type,Device Type,Bookmark,Latest Bookmark,Country
JB,2024-05-06 19:29:13,00:29:31,,Breaking Bad: Season 5: Blood Money (Episode 9),,Netflix Chrome MAC (Cadmium) HTML 5,00:46:46,00:46:46,US (United States)
JB,2024-05-06 09:47:24,00:24:03,,Jujutsu Kaisen 0: The Movie,,Netflix Chrome MAC (Cadmium) HTML 5,01:31:23,01:31:23,US (United States)
JB,2024-05-06 09:47:11,00:00:04,Autoplayed: user action: None; ,Jujutsu Kaisen 0: The Movie_hook_03_16x9,HOOK,Netflix Chrome MAC (Cadmium) HTML 5,00:00:04,00:00:04,US (United States)
JB,2024-05-06 08:51:44,00:21:12,,DEATH NOTE: Death Note: New World (Episode 37),,Netflix Chrome MAC (Cadmium) HTML 5,00:22:37,00:22:37,US (United States)
JB,2024-05-06 08:31:35,00:19:55,,DEATH NOTE: Death Note: 1.28 (Episode 36),,Netflix Chrome MAC (Cadmium) HTML 5,00:21:42,00:21:42,US (United States)
JB,2024-05-06 08:11:05,00:20:28,,DEATH NOTE: Death Note: Malice (Episode 35),,Netflix Chrome MAC (Cadmium) HTML 5,00:21:43,00:21:43,US (United States)
JB,2024-05-06 07:51:29,00:19:34,,DEATH NOTE: Death Note: Vigilance (Episode 34),,Netflix Chrome MAC (Cadmium) HTML 5,00:21:54,00:21:54,US (United States)
JB,2024-05-06 07:20:27,00:19:37,,DEATH NOTE: Death Note: Scorn (Episode 33),,Netflix Chrome MAC (Cadmium) HTML 5,00:21:36,00:21:36,US (United States)
JB,2024-05-06 06:48:53,00:20:09,,DEATH NOTE: Death Note: Selection (Episode 32),,Netflix Chrome MAC (Cadmium) HTML 5,00:21:40,00:21:40,US (United States)
JB,2024-05-06 06:28:23,00:19:37,,DEATH NOTE: Death Note: Transfer (Episode 31),,Netflix Chrome MAC (Cadmium) HTML 5,00:21:42,00:21:42,US (United States)
JB,2024-05-06 06:03:07,00:21:11,,DEATH NOTE: Death Note: Justice (Episode 30),,Netflix Chrome MAC (Cadmium) HTML 5,00:21:38,00:21:38,US (United States)
JB,2024-05-06 06:00:06,00:02:55,,DEATH NOTE: Death Note: Father (Episode 29),,Netflix Chrome MAC (Cadmium) HTML 5,00:21:44,00:21:44,US (United States)
JB,2024-05-06 04:49:19,00:17:34,,DEATH NOTE: Death Note: Father (Episode 29),,Netflix Chrome MAC (Cadmium) HTML 5,00:18:05,Not latest view,US (United States)
JB,2024-05-06 04:27:58,00:19:49,,DEATH NOTE: Death Note: Impatience (Episode 28),,Netflix Chrome MAC (Cadmium) HTML 5,00:18:13,00:18:13,US (United States)
JB,2024-05-06 03:43:47,00:20:36,,DEATH NOTE: Death Note: Abduction (Episode 27),,Netflix Chrome MAC (Cadmium) HTML 5,00:21:39,00:21:39,US (United States)
JB,2024-05-06 03:30:13,00:10:11,,DEATH NOTE: Death Note: Renewal (Episode 26),,Netflix Chrome MAC (Cadmium) HTML 5,00:21:31,00:21:31,US (United States)
JB,2024-05-06 02:40:15,00:20:01,,DEATH NOTE: Death Note: Silence (Episode 25),,Netflix Chrome MAC (Cadmium) HTML 5,00:21:56,00:21:56,US (United States)
JB,2024-05-06 02:31:57,00:05:14,,DEATH NOTE: Death Note: Revival (Episode 24),,Netflix Chrome MAC (Cadmium) HTML 5,00:21:45,00:21:45,US (United States)
JB,2024-05-06 01:31:56,00:15:33,,DEATH NOTE: Death Note: Revival (Episode 24),,Netflix Chrome MAC (Cadmium) HTML 5,00:17:01,Not latest view,US (United States)
JB,2024-05-06 01:11:33,00:20:19,,DEATH NOTE: Death Note: Frenzy (Episode 23),,Netflix Chrome MAC (Cadmium) HTML 5,00:21:40,00:21:40,US (United States)
JB,2024-05-06 00:50:11,00:21:18,,DEATH NOTE: Death Note: Guidance (Episode 22),,Netflix Chrome MAC (Cadmium) HTML 5,00:21:45,00:21:45,US (United States)
JB,2024-05-06 00:29:32,00:20:22,,DEATH NOTE: Death Note: Performance (Episode 21),,Netflix Chrome MAC (Cadmium) HTML 5,00:21:46,00:21:46,US (United States)
JB,2024-05-06 00:10:18,00:19:08,,DEATH NOTE: Death Note: Makeshift (Episode 20),,Netflix Chrome MAC (Cadmium) HTML 5,00:21:42,00:21:42,US (United States)
JB,2024-05-06 00:10:08,00:00:08,,DEATH NOTE: Death Note: Performance (Episode 21),,Netflix Chrome MAC (Cadmium) HTML 5,00:01:33,Not latest view,US (United States)
JB,2024-05-05 23:08:54,00:00:01,,DEATH NOTE: Death Note: Performance (Episode 21),,Netflix Chrome MAC (Cadmium) HTML 5,00:00:02,Not latest view,US (United States)
JB,2024-05-05 22:47:32,00:20:25,,DEATH NOTE: Death Note: Makeshift (Episode 20),,Netflix Chrome MAC (Cadmium) HTML 5,00:21:45,Not latest view,US (United States)
JB,2024-05-05 22:27:43,00:19:48,,DEATH NOTE: Death Note: Matsuda (Episode 19),,Netflix Chrome MAC (Cadmium) HTML 5,00:21:32,00:21:32,US (United States)
JB,2024-05-05 22:03:42,00:20:19,,DEATH NOTE: Death Note: Ally (Episode 18),,Netflix Chrome MAC (Cadmium) HTML 5,00:21:36,00:21:36,US (United States)
JB,2024-05-05 21:37:24,00:20:18,,DEATH NOTE: Death Note: Execution (Episode 17),,Netflix Chrome MAC (Cadmium) HTML 5,00:21:34,00:21:34,US (United States)
JB,2024-05-05 21:36:58,00:00:20,,DEATH NOTE: Death Note: Decision (Episode 16),,Netflix Chrome MAC (Cadmium) HTML 5,00:21:33,00:21:33,US (United States)
JB,2024-05-05 21:11:54,00:00:30,,DEATH NOTE: Death Note: Execution (Episode 17),,Netflix Chrome MAC (Cadmium) HTML 5,00:01:35,Not latest view,US (United States)
JB,2024-05-05 21:11:08,00:00:42,,DEATH NOTE: Death Note: Ally (Episode 18),,Netflix Chrome MAC (Cadmium) HTML 5,00:03:07,Not latest view,US (United States)
JB,2024-05-05 20:42:08,00:00:17,,DEATH NOTE: Death Note: Matsuda (Episode 19),,Netflix Chrome MAC (Cadmium) HTML 5,00:02:01,Not latest view,US (United States)
JB,2024-05-05 20:41:55,00:00:11,Autoplayed: user action: None; ,DEATH NOTE: Death Note: Ally (Episode 18),,Netflix Chrome MAC (Cadmium) HTML 5,00:21:48,Not latest view,US (United States)
JB,2024-05-05 20:20:45,00:20:21,,DEATH NOTE: Death Note: Execution (Episode 17),,Netflix Chrome MAC (Cadmium) HTML 5,00:21:37,Not latest view,US (United States)
JB,2024-05-05 20:00:08,00:20:35,,DEATH NOTE: Death Note: Decision (Episode 16),,Netflix Chrome MAC (Cadmium) HTML 5,00:21:35,Not latest view,US (United States)
JB,2024-05-05 19:40:30,00:19:36,,DEATH NOTE: Death Note: Wager (Episode 15),,Netflix Chrome MAC (Cadmium) HTML 5,00:21:31,00:21:31,US (United States)
JB,2024-05-04 10:24:38,00:00:07,Autoplayed: user action: None; ,DEATH NOTE: Death Note: Wager (Episode 15),,Netflix Chrome MAC (Cadmium) HTML 5,00:00:08,Not latest view,US (United States)
JB,2024-05-04 10:04:26,00:20:10,,DEATH NOTE: Death Note: Friend (Episode 14),,Netflix Chrome MAC (Cadmium) HTML 5,00:21:38,00:21:38,US (United States)
JB,2024-05-03 06:45:20,00:20:50,,DEATH NOTE: Death Note: Confession (Episode 13),,Netflix Chrome MAC (Cadmium) HTML 5,00:21:34,00:21:34,US (United States)
JB,2024-05-03 06:44:11,00:00:26,,DEATH NOTE: Death Note: Friend (Episode 14),,Netflix Chrome MAC (Cadmium) HTML 5,00:01:57,Not latest view,US (United States)
JB,2024-05-03 02:11:03,00:11:30,Autoplayed: user action: None; ,DEATH NOTE: Death Note: Friend (Episode 14),,Netflix Chrome MAC (Cadmium) HTML 5,00:11:31,Not latest view,US (United States)
JB,2024-05-03 01:49:25,00:21:37,,DEATH NOTE: Death Note: Confession (Episode 13),,Netflix Chrome MAC (Cadmium) HTML 5,00:21:38,Not latest view,US (United States)
JB,2024-05-03 01:28:50,00:20:33,,DEATH NOTE: Death Note: Love (Episode 12),,Netflix Chrome MAC (Cadmium) HTML 5,00:21:38,00:21:38,US (United States)
JB,2024-05-03 01:13:25,00:15:05,,DEATH NOTE: Death Note: Assault (Episode 11),,Netflix Chrome MAC (Cadmium) HTML 5,00:21:35,00:21:35,US (United States)
JB,2024-05-03 01:12:47,00:00:29,Autoplayed: user action: None; ,Jujutsu Kaisen 0: The Movie_hook_03_16x9,HOOK,Netflix Chrome MAC (Cadmium) HTML 5,00:00:00,Not latest view,US (United States)
JB,2024-05-03 00:24:00,00:00:09,,DEATH NOTE: Death Note: Assault (Episode 11),,Netflix Chrome MAC (Cadmium) HTML 5,00:07:37,Not latest view,US (United States)
JB,2024-05-02 21:22:33,00:13:07,,DEATH NOTE: Death Note: Assault (Episode 11),,Netflix Chrome MAC (Cadmium) HTML 5,00:14:01,Not latest view,US (United States)
JB,2024-05-02 21:01:28,00:14:43,,DEATH NOTE: Death Note: Doubt (Episode 10),,Netflix Chrome MAC (Cadmium) HTML 5,00:21:36,00:21:36,US (United States)
JB,2024-05-02 02:03:52,00:05:42,,DEATH NOTE: Death Note: Doubt (Episode 10),,Netflix Chrome MAC (Cadmium) HTML 5,00:07:00,Not latest view,US (United States)
JB,2024-05-02 02:03:48,00:00:04,,DEATH NOTE: Death Note: Encounter (Episode 9),,Netflix Chrome MAC (Cadmium) HTML 5,00:21:34,00:21:34,US (United States)
JB,2024-04-30 07:49:24,00:19:26,,DEATH NOTE: Death Note: Encounter (Episode 9),,Netflix Chrome MAC (Cadmium) HTML 5,00:21:32,Not latest view,US (United States)
JB,2024-04-30 07:39:07,00:10:07,,DEATH NOTE: Death Note: Glare (Episode 8),,Netflix Chrome MAC (Cadmium) HTML 5,00:22:04,00:22:04,US (United States)
JB,2024-04-30 02:56:12,00:00:07,,DEATH NOTE: Death Note: Glare (Episode 8),,Netflix Chrome MAC (Cadmium) HTML 5,00:01:22,Not latest view,US (United States)
JB,2024-04-30 01:03:23,00:20:29,,DEATH NOTE: Death Note: Glare (Episode 8),,Netflix Chrome MAC (Cadmium) HTML 5,00:21:46,Not latest view,US (United States)
JB,2024-04-30 00:49:23,00:12:08,,DEATH NOTE: Death Note: Overcast (Episode 7),,Netflix Chrome MAC (Cadmium) HTML 5,00:21:59,00:21:59,US (United States)
JB,2024-04-29 23:40:41,00:03:56,,DEATH NOTE: Death Note: Overcast (Episode 7),,Netflix Chrome MAC (Cadmium) HTML 5,00:09:52,Not latest view,US (United States)
JB,2024-04-29 23:40:28,00:00:11,,DEATH NOTE: Death Note: Tactics (Episode 5),,Netflix Chrome MAC (Cadmium) HTML 5,00:13:01,00:13:01,US (United States)
JB,2024-04-29 07:49:08,00:04:27,,DEATH NOTE: Death Note: Overcast (Episode 7),,Google Sabrina ATV Set Top Box,00:05:58,Not latest view,US (United States)
JB,2024-04-29 07:28:15,00:20:34,,DEATH NOTE: Death Note: Unraveling (Episode 6),,Google Sabrina ATV Set Top Box,00:21:42,00:21:42,US (United States)
JB,2024-04-29 07:19:27,00:08:46,,DEATH NOTE: Death Note: Tactics (Episode 5),,Google Sabrina ATV Set Top Box,00:21:35,Not latest view,US (United States)
JB,2024-04-28 20:52:29,00:00:44,,DEATH NOTE: Death Note: Tactics (Episode 5),,Netflix Chrome MAC (Cadmium) HTML 5,00:12:52,Not latest view,NL (Netherlands)
JB,2024-04-28 20:48:58,00:00:28,,DEATH NOTE: Death Note: Pursuit (Episode 4),,Netflix Chrome MAC (Cadmium) HTML 5,00:22:01,00:22:01,US (United States)
JB,2024-04-28 20:48:50,00:00:05,,DEATH NOTE: Death Note: Dealings (Episode 3),,Netflix Chrome MAC (Cadmium) HTML 5,00:02:15,00:02:15,US (United States)
JB,2024-04-28 08:41:29,00:00:17,Autoplayed: user action: None; ,DEATH NOTE: Death Note: Overcast (Episode 7),,Google Sabrina ATV Set Top Box,00:00:17,Not latest view,US (United States)
JB,2024-04-28 08:19:39,00:21:46,,DEATH NOTE: Death Note: Unraveling (Episode 6),,Google Sabrina ATV Set Top Box,00:21:46,Not latest view,US (United States)
JB,2024-04-28 07:58:50,00:20:44,,DEATH NOTE: Death Note: Tactics (Episode 5),,Google Sabrina ATV Set Top Box,00:21:38,Not latest view,US (United States)
JB,2024-04-28 07:49:54,00:08:53,,DEATH NOTE: Death Note: Pursuit (Episode 4),,Google Sabrina ATV Set Top Box,00:21:39,Not latest view,US (United States)
JB,2024-04-27 05:01:06,00:12:52,,DEATH NOTE: Death Note: Pursuit (Episode 4),,Google Sabrina ATV Set Top Box,00:12:52,Not latest view,US (United States)
JB,2024-04-27 04:39:29,00:21:20,Autoplayed: user action: User_Interaction; ,DEATH NOTE: Death Note: Dealings (Episode 3),,Google Sabrina ATV Set Top Box,00:21:38,Not latest view,US (United States)
JB,2024-04-27 04:36:16,00:03:09,,DEATH NOTE: Death Note: Confrontation (Episode 2),,Google Sabrina ATV Set Top Box,00:21:34,00:21:34,US (United States)
JB,2024-04-27 04:18:20,00:16:49,Autoplayed: user action: User_Interaction; ,DEATH NOTE: Death Note: Confrontation (Episode 2),,Google Sabrina ATV Set Top Box,00:18:27,Not latest view,US (United States)
JB,2024-04-27 04:07:52,00:10:04,,DEATH NOTE: Death Note: Rebirth (Episode 1),,Google Sabrina ATV Set Top Box,00:21:45,00:21:45,US (United States)
JB,2024-04-27 03:57:52,00:09:37,,DEATH NOTE: Death Note: Rebirth (Episode 1),,Google Sabrina ATV Set Top Box,00:11:43,Not latest view,US (United States)
JB,2024-04-27 03:56:34,00:01:02,,DEATH NOTE: Death Note: Rebirth (Episode 1),,Google Sabrina ATV Set Top Box,00:02:06,Not latest view,US (United States)
JB,2024-04-27 03:55:43,00:00:30,,Delicious in Dungeon: Season 1: Episode 1: Hot Pot/Tart,,Google Sabrina ATV Set Top Box,00:00:30,00:00:30,US (United States)
JB,2024-04-27 03:52:11,00:00:09,Autoplayed: user action: None; ,Death Note_hook_primary_16x9,HOOK,Google Sabrina ATV Set Top Box,00:00:09,00:00:09,US (United States)
JB,2024-04-27 03:52:02,00:00:03,,DEATH NOTE: Death Note: Dealings (Episode 3),,Google Sabrina ATV Set Top Box,00:00:03,Not latest view,US (United States)
JB,2024-04-27 03:51:35,00:00:02,,Breaking Bad: Season 5: Blood Money (Episode 9),,Google Sabrina ATV Set Top Box,00:17:28,Not latest view,US (United States)
JB,2024-04-27 03:51:24,00:00:05,Autoplayed: user action: None; ,Death Note_hook_primary_16x9,HOOK,Google Sabrina ATV Set Top Box,00:00:05,Not latest view,US (United States)
JB,2024-04-27 03:49:55,00:00:07,,DEATH NOTE: Death Note: Dealings (Episode 3),,Google Sabrina ATV Set Top Box,00:00:01,Not latest view,US (United States)
JB,2024-04-27 03:49:29,00:00:07,,DEATH NOTE: Death Note: Dealings (Episode 3),,Google Sabrina ATV Set Top Box,00:00:08,Not latest view,US (United States)
JB,2024-04-27 03:48:18,00:00:18,,DEATH NOTE: Death Note: Dealings (Episode 3),,Google Sabrina ATV Set Top Box,00:00:18,Not latest view,US (United States)
JB,2024-04-27 03:45:33,00:01:35,,DEATH NOTE: Death Note: Dealings (Episode 3),,Google Sabrina ATV Set Top Box,00:03:39,Not latest view,US (United States)
JB,2024-04-27 03:45:15,00:00:09,Autoplayed: user action: None; ,Death Note_hook_primary_16x9,HOOK,Google Sabrina ATV Set Top Box,00:00:09,Not latest view,US (United States)
JB,2024-04-25 07:33:13,00:00:08,,DEATH NOTE: Death Note: Dealings (Episode 3),,Netflix Chrome MAC (Cadmium) HTML 5,00:02:12,Not latest view,US (United States)
JB,2024-04-25 07:13:40,00:19:30,,DEATH NOTE: Death Note: Confrontation (Episode 2),,Netflix Chrome MAC (Cadmium) HTML 5,00:21:31,Not latest view,US (United States)
JB,2024-04-25 06:52:14,00:20:49,,DEATH NOTE: Death Note: Rebirth (Episode 1),,Netflix Chrome MAC (Cadmium) HTML 5,00:21:39,Not latest view,US (United States)
JB,2024-04-25 06:51:45,00:00:01,,Breaking Bad: Season 5: Blood Money (Episode 9),,Netflix Chrome MAC (Cadmium) HTML 5,00:17:26,Not latest view,US (United States)
JB,2024-04-25 05:27:52,00:16:11,,Breaking Bad: Season 5: Blood Money (Episode 9),,Netflix Chrome MAC (Cadmium) HTML 5,00:17:25,Not latest view,US (United States)
JB,2024-04-25 05:27:41,00:00:09,,Breaking Bad: Season 1: Pilot (Episode 1),,Netflix Chrome MAC (Cadmium) HTML 5,00:00:23,00:00:23,US (United States)
JB,2024-04-25 05:27:34,00:00:04,Autoplayed: user action: None; ,Breaking Bad: Season 1_hook_primary_16x9,HOOK,Netflix Chrome MAC (Cadmium) HTML 5,00:00:04,00:00:04,US (United States)
JB,2024-04-25 03:22:18,00:01:07,,Breaking Bad: Season 5: Blood Money (Episode 9),,Netflix Chrome MAC (Cadmium) HTML 5,00:01:13,Not latest view,US (United States)
JB,2024-04-25 02:34:48,00:47:11,,Breaking Bad: Season 5: Gliding Over All (Episode 8),,Netflix Chrome MAC (Cadmium) HTML 5,00:46:35,00:46:35,US (United States)
JB,2024-04-25 02:06:22,00:26:21,,Breaking Bad: Season 5: Say My Name (Episode 7),,Netflix Chrome MAC (Cadmium) HTML 5,00:46:31,00:46:31,US (United States)
JB,2024-04-24 07:51:54,00:18:53,,Breaking Bad: Season 5: Say My Name (Episode 7),,Netflix Chrome MAC (Cadmium) HTML 5,00:20:13,Not latest view,US (United States)
JB,2024-04-24 07:40:14,00:11:38,,Breaking Bad: Season 5: Buyout (Episode 6),,Netflix Chrome MAC (Cadmium) HTML 5,00:46:36,00:46:36,US (United States)
JB,2024-04-24 06:24:43,00:00:11,,Breaking Bad: Season 5: Buyout (Episode 6),,Netflix Chrome MAC (Cadmium) HTML 5,00:33:17,Not latest view,US (United States)
JB,2024-04-23 23:07:19,00:26:05,,Breaking Bad: Season 5: Buyout (Episode 6),,Netflix Chrome MAC (Cadmium) HTML 5,00:33:08,Not latest view,US (United States)
JB,2024-04-23 23:03:55,00:03:15,,Breaking Bad: Season 5: Dead Freight (Episode 5),,Netflix Chrome MAC (Cadmium) HTML 5,00:45:55,00:45:55,US (United States)
JB,2024-04-23 23:01:48,00:01:56,,Breaking Bad: Season 5: Fifty-One (Episode 4),,Netflix Chrome MAC (Cadmium) HTML 5,00:45:33,00:45:33,US (United States)
JB,2024-04-23 22:59:49,00:01:52,,Breaking Bad: Season 5: Hazard Pay (Episode 3),,Netflix Chrome MAC (Cadmium) HTML 5,00:46:25,00:46:25,US (United States)
JB,2024-04-23 22:59:00,00:00:40,,Breaking Bad: Season 5: Madrigal (Episode 2),,Netflix Chrome MAC (Cadmium) HTML 5,00:42:32,00:42:32,US (United States)
JB,2024-04-23 22:57:55,00:00:55,,Breaking Bad: Season 5: Live Free Or Die (Episode 1),,Netflix Chrome MAC (Cadmium) HTML 5,00:41:14,00:41:14,US (United States)
JB,2024-04-23 22:57:20,00:00:29,,Breaking Bad: Season 4: Face Off (Episode 13),,Netflix Chrome MAC (Cadmium) HTML 5,00:42:58,00:42:58,US (United States)
JB,2024-04-23 22:57:02,00:00:12,,Breaking Bad: Season 4: Crawl Space (Episode 11),,Netflix Chrome MAC (Cadmium) HTML 5,00:37:48,00:37:48,US (United States)
JB,2024-04-23 22:56:47,00:00:08,,Breaking Bad: Season 4: Hermanos (Episode 8),,Netflix Chrome MAC (Cadmium) HTML 5,00:34:52,00:34:52,US (United States)
JB,2024-04-23 22:56:08,00:00:30,,Breaking Bad: Season 4: Shotgun (Episode 5),,Netflix Chrome MAC (Cadmium) HTML 5,00:40:51,00:40:51,US (United States)
JB,2024-04-23 22:55:50,00:00:15,,Breaking Bad: Season 1: Pilot (Episode 1),,Netflix Chrome MAC (Cadmium) HTML 5,00:00:15,Not latest view,US (United States)
JB,2024-04-22 05:29:06,00:02:56,,Monster: Season 1: CHAPTER 10 (Episode 10),,Netflix Chrome MAC (Cadmium) HTML 5,00:22:14,00:22:14,US (United States)
JB,2024-04-22 05:19:17,00:00:05,Autoplayed: user action: None; ,My Hero Academia: Season 1_hook_primary_16x9,HOOK,Netflix Chrome MAC (Cadmium) HTML 5,00:00:05,00:00:05,US (United States)
JB,2024-04-22 05:11:52,00:06:20,,Monster: Season 1: CHAPTER 10 (Episode 10),,Netflix Chrome MAC (Cadmium) HTML 5,00:19:19,Not latest view,US (United States)
JB,2024-04-22 00:26:28,00:12:59,,Monster: Season 1: CHAPTER 10 (Episode 10),,Netflix Chrome MAC (Cadmium) HTML 5,00:13:00,Not latest view,US (United States)
JB,2024-04-22 00:12:47,00:13:39,,Monster: Season 1: CHAPTER 9 (Episode 9),,Netflix Chrome MAC (Cadmium) HTML 5,00:22:32,00:22:32,US (United States)
JB,2024-04-21 22:24:28,00:07:53,,Monster: Season 1: CHAPTER 9 (Episode 9),,Netflix Chrome MAC (Cadmium) HTML 5,00:09:30,Not latest view,NL (Netherlands)
JB,2024-04-21 20:21:43,00:01:04,,The Witcher: Season 3: Shaerrawedd (Episode 1),,Netflix Chrome MAC (Cadmium) HTML 5,00:02:02,00:02:02,US (United States)
JB,2024-04-21 20:18:06,00:03:36,,Recap: The Witcher,RECAP,Netflix Chrome MAC (Cadmium) HTML 5,00:03:36,00:03:36,US (United States)
JB,2024-04-21 20:17:49,00:00:15,,The Witcher: Season 1: The End’s Beginning (Episode 1),,Netflix Chrome MAC (Cadmium) HTML 5,00:00:15,00:00:15,US (United States)
JB,2024-04-21 20:17:02,00:00:01,,Monster: Season 1: CHAPTER 9 (Episode 9),,Netflix Chrome MAC (Cadmium) HTML 5,00:00:49,Not latest view,US (United States)
JB,2024-04-21 19:57:02,00:19:59,,Monster: Season 1: CHAPTER 8 (Episode 8),,Netflix Chrome MAC (Cadmium) HTML 5,00:22:32,00:22:32,US (United States)
JB,2024-04-21 19:33:02,00:23:44,,Monster: Season 1: CHAPTER 7 (Episode 7),,Netflix Chrome MAC (Cadmium) HTML 5,00:22:32,00:22:32,US (United States)
JB,2024-04-21 19:11:46,00:21:15,,Monster: Season 1: CHAPTER 6 (Episode 6),,Netflix Chrome MAC (Cadmium) HTML 5,00:22:33,00:22:33,US (United States)
JB,2024-04-21 18:59:28,00:12:15,,Monster: Season 1: CHAPTER 5 (Episode 5),,Netflix Chrome MAC (Cadmium) HTML 5,00:22:34,00:22:34,US (United States)
JB,2024-04-21 18:59:05,00:00:18,,Monster: Season 1: CHAPTER 4 (Episode 4),,Netflix Chrome MAC (Cadmium) HTML 5,00:23:03,00:23:03,US (United States)
JB,2024-04-21 18:58:55,00:00:08,,Monster: Season 1: CHAPTER 5 (Episode 5),,Netflix Chrome MAC (Cadmium) HTML 5,00:04:34,Not latest view,US (United States)
JB,2024-04-21 18:58:01,00:00:28,,3 Body Problem: Season 1: Countdown (Episode 1),,Netflix Chrome MAC (Cadmium) HTML 5,00:00:28,00:00:28,US (United States)
JB,2024-04-21 17:36:16,00:21:21,,Monster: Season 1: CHAPTER 5 (Episode 5),,Netflix Chrome MAC (Cadmium) HTML 5,00:22:41,Not latest view,US (United States)
JB,2024-04-21 17:09:13,00:20:35,,Monster: Season 1: CHAPTER 4 (Episode 4),,Netflix Chrome MAC (Cadmium) HTML 5,00:22:35,Not latest view,US (United States)
JB,2024-04-21 16:47:59,00:21:13,,Monster: Season 1: CHAPTER 3 (Episode 3),,Netflix Chrome MAC (Cadmium) HTML 5,00:22:32,00:22:32,US (United States)
JB,2024-04-21 16:43:19,00:04:35,,Monster: Season 1: CHAPTER 2 (Episode 2),,Netflix Chrome MAC (Cadmium) HTML 5,00:22:32,00:22:32,US (United States)
JB,2024-04-21 16:43:11,00:00:06,,Monster: Season 1: CHAPTER 3 (Episode 3),,Netflix Chrome MAC (Cadmium) HTML 5,00:02:14,Not latest view,US (United States)
JB,2024-04-21 08:00:37,00:02:06,,Monster: Season 1: CHAPTER 3 (Episode 3),,Netflix Chrome MAC (Cadmium) HTML 5,00:02:08,Not latest view,US (United States)
JB,2024-04-21 07:38:59,00:21:36,,Monster: Season 1: CHAPTER 2 (Episode 2),,Netflix Chrome MAC (Cadmium) HTML 5,00:22:36,Not latest view,US (United States)
JB,2024-04-21 07:22:00,00:16:58,,Monster: Season 1: CHAPTER 1 (Episode 1),,Netflix Chrome MAC (Cadmium) HTML 5,00:22:35,00:22:35,US (United States)
JB,2024-04-21 06:24:38,00:04:22,,Monster: Season 1: CHAPTER 1 (Episode 1),,Netflix Chrome MAC (Cadmium) HTML 5,00:05:37,Not latest view,US (United States)
JB,2024-04-20 20:19:01,00:00:10,,3 Body Problem: Season 1: Countdown (Episode 1),,Netflix Chrome MAC (Cadmium) HTML 5,00:00:01,Not latest view,US (United States)
JB,2024-04-20 20:18:40,00:00:07,Autoplayed: user action: None; ,Supporting Character Clip 2: Rebel Moon — Part Two: The Scargiver,HOOK,Netflix Chrome MAC (Cadmium) HTML 5,00:00:07,00:00:07,US (United States)
JB,2024-03-27 20:29:40,00:00:04,,Lupin: Part 1: Chapter 3 (Episode 3),,Netflix Chrome MAC (Cadmium) HTML 5,00:00:04,00:00:04,US (United States)
JB,2024-03-23 04:59:41,00:14:28,,Altered Carbon: Season 1: Out of the Past (Episode 1),,Google Sabrina ATV Set Top Box,00:20:05,00:20:05,US (United States)
JB,2024-03-23 04:59:23,00:00:07,Autoplayed: user action: None; ,Vinland Saga: Season 1_hook_05_16x9,HOOK,Google Sabrina ATV Set Top Box,00:00:07,00:00:07,US (United States)
JB,2024-03-23 04:58:48,00:00:32,Autoplayed: user action: None; ,Altered Carbon: Season 1_VAR2-CLIP_CHARACTER,HOOK,Google Sabrina ATV Set Top Box,00:00:32,00:00:32,US (United States)
JB,2024-03-23 04:58:29,00:00:06,Autoplayed: user action: None; ,Season 1 Genre Specific Moment Clip 4: 3 Body Problem,HOOK,Google Sabrina ATV Set Top Box,00:00:06,00:00:06,US (United States)
JB,2024-03-23 04:50:29,00:05:06,,Altered Carbon: Season 1: Out of the Past (Episode 1),,Google Sabrina ATV Set Top Box,00:05:39,Not latest view,US (United States)
JB,2024-03-23 04:49:21,00:00:08,Autoplayed: user action: None; ,Trailer 2: Rocket,TRAILER,Google Sabrina ATV Set Top Box,00:00:08,00:00:08,US (United States)
JB,2024-03-23 04:48:38,00:00:10,Autoplayed: user action: None; ,Season 1 Genre Specific Moment Clip: The Sandman,HOOK,Google Sabrina ATV Set Top Box,00:00:10,00:00:10,US (United States)
JB,2024-03-23 02:49:57,00:05:40,,Lupin: Part 2: Chapter 8 (Episode 3),,Netflix Chrome MAC (Cadmium) HTML 5,00:29:11,00:29:11,US (United States)
JB,2024-03-22 23:51:07,00:23:17,,Lupin: Part 2: Chapter 8 (Episode 3),,Netflix Chrome MAC (Cadmium) HTML 5,00:23:31,Not latest view,US (United States)
JB,2024-03-22 23:41:18,00:01:48,Autoplayed: user action: None; ,Trailer: Code 8 Part II,TRAILER,Netflix Chrome MAC (Cadmium) HTML 5,00:01:48,00:01:48,US (United States)
JB,2024-03-22 23:40:47,00:00:07,Autoplayed: user action: None; ,3 Body Problem: Motion Billboard Teaser,TEASER_TRAILER,Netflix Chrome MAC (Cadmium) HTML 5,00:00:07,00:00:07,US (United States)
JB,2024-03-22 09:26:08,00:17:42,,3 Body Problem: Season 1: Countdown (Episode 1),,Google Sabrina ATV Set Top Box,00:17:48,Not latest view,US (United States)
JB,2024-03-22 09:19:57,00:01:02,,3 Body Problem: Season 1: Countdown (Episode 1),,Google Sabrina ATV Set Top Box,00:01:02,Not latest view,US (United States)
JB,2024-03-22 09:19:15,00:00:06,Autoplayed: user action: None; ,Trailer: Damsel,TRAILER,Google Sabrina ATV Set Top Box,00:00:06,00:00:06,US (United States)
JB,2024-03-22 04:06:05,00:00:16,,Lupin: Part 2: Chapter 8 (Episode 3),,Netflix Chrome MAC (Cadmium) HTML 5,00:00:16,Not latest view,US (United States)
JB,2024-03-21 21:35:04,00:29:30,,Lupin: Part 2: Chapter 7 (Episode 2),,Netflix Chrome MAC (Cadmium) HTML 5,00:40:21,00:40:21,US (United States)
JB,2024-03-21 06:48:56,00:08:46,,Lupin: Part 2: Chapter 7 (Episode 2),,Netflix Chrome MAC (Cadmium) HTML 5,00:10:14,Not latest view,US (United States)
JB,2024-03-21 06:19:08,00:28:47,,Lupin: Part 2: Chapter 6 (Episode 1),,Netflix Chrome MAC (Cadmium) HTML 5,00:39:40,00:39:40,US (United States)
JB,2024-03-21 05:11:51,00:40:50,,Lupin: Part 1: Chapter 5 (Episode 5),,Netflix Chrome MAC (Cadmium) HTML 5,00:40:59,00:40:59,US (United States)
JB,2024-03-21 05:08:23,00:00:14,,Lupin: Part 1: Chapter 4 (Episode 4),,Netflix Chrome MAC (Cadmium) HTML 5,00:44:57,00:44:57,US (United States)
JB,2024-03-20 08:31:33,00:44:51,,Lupin: Part 1: Chapter 4 (Episode 4),,Netflix Chrome MAC (Cadmium) HTML 5,00:44:51,Not latest view,US (United States)
JB,2024-03-20 08:30:16,00:01:16,,Lupin: Part 1: Chapter 3 (Episode 3),,Netflix Chrome MAC (Cadmium) HTML 5,00:39:44,Not latest view,US (United States)
JB,2024-03-20 01:26:38,00:39:07,,Lupin: Part 1: Chapter 3 (Episode 3),,Netflix Chrome MAC (Cadmium) HTML 5,00:38:31,Not latest view,US (United States)
JB,2024-03-18 05:22:37,00:51:54,,Lupin: Part 1: Chapter 2 (Episode 2),,Netflix Chrome MAC (Cadmium) HTML 5,00:49:52,00:49:52,US (United States)
JB,2024-03-18 04:51:19,00:31:11,,Lupin: Part 1: Chapter 1 (Episode 1),,Netflix Chrome MAC (Cadmium) HTML 5,00:44:53,00:44:53,US (United States)
JB,2024-03-17 09:13:56,00:22:19,,Lupin: Part 1: Chapter 1 (Episode 1),,Netflix Chrome MAC (Cadmium) HTML 5,00:21:18,Not latest view,US (United States)
JB,2024-03-17 09:12:34,00:00:15,Autoplayed: user action: None; ,Season 2 Informative Clip: Buying Beverly Hills,HOOK,Netflix Chrome MAC (Cadmium) HTML 5,00:00:15,00:00:15,NL (Netherlands)
JB,2024-03-13 08:04:55,00:00:06,Autoplayed: user action: None; ,Season 1 Cliffhanger Clip: Turning Point: The Bomb and the Cold War,HOOK,Netflix Chrome MAC (Cadmium) HTML 5,00:00:06,00:00:06,NL (Netherlands)
JB,2024-03-13 08:04:32,00:00:11,,Record of Ragnarok: Season 2: The Way of Light (Episode 15),,Netflix Chrome MAC (Cadmium) HTML 5,00:16:11,00:16:11,US (United States)
JB,2024-03-13 08:04:16,00:00:14,,Record of Ragnarok: Season 1: Ragnarok (Episode 1),,Netflix Chrome MAC (Cadmium) HTML 5,00:00:14,00:00:14,US (United States)
JB,2024-03-13 08:03:56,00:00:15,Autoplayed: user action: None; ,Season 1 Cliffhanger Clip: Turning Point: The Bomb and the Cold War,HOOK,Netflix Chrome MAC (Cadmium) HTML 5,00:00:15,Not latest view,US (United States)
JB,2024-03-13 08:03:46,00:00:08,,Spaceman,,Netflix Chrome MAC (Cadmium) HTML 5,00:04:17,00:04:17,US (United States)
JB,2024-03-13 08:03:25,00:00:19,Autoplayed: user action: None; ,Plot Clip 2: Spaceman,HOOK,Netflix Chrome MAC (Cadmium) HTML 5,00:00:19,00:00:19,US (United States)
JB,2024-03-13 08:02:51,00:00:04,Autoplayed: user action: None; ,Season 1 Clip Villain: Arcane,HOOK,Netflix Chrome MAC (Cadmium) HTML 5,00:00:04,00:00:04,US (United States)
JB,2024-03-13 08:01:21,00:00:12,Autoplayed: user action: None; ,Season 1 Cliffhanger Clip: Supersex,HOOK,Netflix Chrome MAC (Cadmium) HTML 5,00:00:12,00:00:12,US (United States)
JB,2024-03-11 02:49:34,00:13:17,,Avatar The Last Airbender: Season 1: Legends (Episode 8),,Netflix Chrome MAC (Cadmium) HTML 5,00:51:32,00:51:32,US (United States)
JB,2024-03-11 02:49:09,00:00:14,,Avatar The Last Airbender: Season 1: The North (Episode 7),,Netflix Chrome MAC (Cadmium) HTML 5,00:01:12,00:01:12,US (United States)
JB,2024-03-10 08:26:00,00:01:26,Autoplayed: user action: None; ,Part 1 Trailer: Pokémon Horizons: The Series,HOOK,Netflix Chrome MAC (Cadmium) HTML 5,00:01:26,00:01:26,US (United States)
JB,2024-03-10 07:57:52,00:27:36,,Avatar The Last Airbender: Season 1: Legends (Episode 8),,Netflix Chrome MAC (Cadmium) HTML 5,00:51:41,Not latest view,US (United States)
JB,2024-03-09 23:43:03,00:00:34,,Avatar The Last Airbender: Season 1: Legends (Episode 8),,Netflix Chrome MAC (Cadmium) HTML 5,00:36:13,Not latest view,US (United States)
JB,2024-03-09 20:44:51,00:34:59,,Avatar The Last Airbender: Season 1: Legends (Episode 8),,Netflix Chrome MAC (Cadmium) HTML 5,00:35:40,Not latest view,US (United States)
JB,2024-03-09 20:04:50,00:38:05,,Avatar The Last Airbender: Season 1: The North (Episode 7),,Netflix Chrome MAC (Cadmium) HTML 5,00:40:50,Not latest view,US (United States)
JB,2024-03-09 20:04:23,00:00:13,,Lift,,Netflix Chrome MAC (Cadmium) HTML 5,00:18:00,00:18:00,US (United States)
JB,2024-03-09 09:26:22,00:15:21,,Lift,,Netflix Chrome MAC (Cadmium) HTML 5,00:17:48,Not latest view,US (United States)
JB,2024-03-09 05:52:55,00:00:01,,Lift,,Netflix Chrome MAC (Cadmium) HTML 5,00:04:15,Not latest view,US (United States)
JB,2024-03-09 03:02:31,00:05:25,,Lift,,Netflix Chrome MAC (Cadmium) HTML 5,00:05:52,Not latest view,US (United States)
JB,2024-03-09 03:02:22,00:00:07,Autoplayed: user action: None; ,Trailer: Lift,TRAILER,Netflix Chrome MAC (Cadmium) HTML 5,00:00:07,00:00:07,US (United States)
JB,2024-03-09 02:58:59,00:00:02,,Warrior: Season 1: The Itchy Onion (Episode 1),,Netflix Chrome MAC (Cadmium) HTML 5,00:00:02,00:00:02,US (United States)
JB,2024-03-09 02:58:34,00:00:07,Autoplayed: user action: None; ,Teaser: Damsel,TEASER_TRAILER,Netflix Chrome MAC (Cadmium) HTML 5,00:00:07,00:00:07,US (United States)
JB,2024-03-09 02:58:15,00:00:13,,Avatar The Last Airbender: Season 1: The North (Episode 7),,Netflix Chrome MAC (Cadmium) HTML 5,00:03:52,Not latest view,US (United States)
JB,2024-03-08 23:43:16,00:03:38,,Avatar The Last Airbender: Season 1: The North (Episode 7),,Netflix Chrome MAC (Cadmium) HTML 5,00:03:45,Not latest view,US (United States)
JB,2024-03-08 22:59:29,00:34:34,,Avatar The Last Airbender: Season 1: Masks (Episode 6),,Netflix Chrome MAC (Cadmium) HTML 5,00:50:35,00:50:35,US (United States)
JB,2024-03-07 21:26:08,00:16:02,,Avatar The Last Airbender: Season 1: Masks (Episode 6),,Netflix Chrome MAC (Cadmium) HTML 5,00:16:58,Not latest view,US (United States)
JB,2024-03-07 21:24:41,00:00:19,Autoplayed: user action: None; ,Season 1 Inciting Incident Clip: BLUE EYE SAMURAI,HOOK,Netflix Chrome MAC (Cadmium) HTML 5,00:00:19,00:00:19,US (United States)
JB,2024-03-07 06:19:35,00:00:17,,The Seven Deadly Sins: Season 1: The Seven Deadly Sins (Episode 1),,Netflix Chrome MAC (Cadmium) HTML 5,00:08:43,00:08:43,US (United States)
JB,2024-03-07 06:18:06,00:00:53,Autoplayed: user action: None; ,The Legend of Korra: Book One: Air_hook_primary_16x9,HOOK,Netflix Chrome MAC (Cadmium) HTML 5,00:00:00,00:00:00,US (United States)
JB,2024-03-07 05:57:47,00:18:57,,Avatar The Last Airbender: Season 1: Spirited Away (Episode 5),,Netflix Chrome MAC (Cadmium) HTML 5,00:46:18,00:46:18,US (United States)
JB,2024-03-06 03:09:35,00:06:21,,Castlevania: Season 1: Witchbottle (Episode 1),,Netflix Chrome MAC (Cadmium) HTML 5,00:15:55,00:15:55,US (United States)
JB,2024-03-06 02:31:10,00:26:18,,Castlevania: Nocturne: Season 1: Devourer of Light (Episode 8),,Netflix Chrome MAC (Cadmium) HTML 5,00:25:50,00:25:50,US (United States)
JB,2024-03-06 02:30:58,00:00:10,,Castlevania: Nocturne: Season 1: Blood Is the Only Way (Episode 7),,Netflix Chrome MAC (Cadmium) HTML 5,00:23:55,00:23:55,US (United States)
JB,2024-03-05 22:41:30,00:23:25,,Castlevania: Nocturne: Season 1: Blood Is the Only Way (Episode 7),,Netflix Chrome MAC (Cadmium) HTML 5,00:23:52,Not latest view,US (United States)
JB,2024-03-03 22:37:18,00:00:46,Autoplayed: user action: None; ,Trailer: The Netflix Slam,TRAILER,Netflix Chrome MAC (Cadmium) HTML 5,00:00:00,00:00:00,US (United States)
JB,2024-03-03 06:44:21,00:00:41,,Castlevania: Nocturne: Season 1: Blood Is the Only Way (Episode 7),,Netflix Chrome MAC (Cadmium) HTML 5,00:00:47,Not latest view,US (United States)
JB,2024-03-03 06:10:50,00:32:30,,Castlevania: Nocturne: Season 1: Guilty Men to Be Judged (Episode 6),,Netflix Chrome MAC (Cadmium) HTML 5,00:28:59,00:28:59,US (United States)
JB,2024-03-03 02:17:49,00:00:25,,Castlevania: Nocturne: Season 1: Guilty Men to Be Judged (Episode 6),,Netflix Chrome MAC (Cadmium) HTML 5,00:01:07,Not latest view,US (United States)
JB,2024-03-03 01:51:08,00:22:54,,Castlevania: Nocturne: Season 1: The Natural Order (Episode 5),,Netflix Chrome MAC (Cadmium) HTML 5,00:23:00,00:23:00,US (United States)
JB,2024-03-03 01:35:52,00:10:20,,Castlevania: Nocturne: Season 1: Horrors Rising from the Earth (Episode 4),,Netflix Chrome MAC (Cadmium) HTML 5,00:22:54,00:22:54,US (United States)
JB,2024-03-03 01:35:41,00:00:07,Autoplayed: user action: None; ,Warrior: Season 1_hook_03_16x9,HOOK,Netflix Chrome MAC (Cadmium) HTML 5,00:00:07,00:00:07,US (United States)
JB,2024-03-03 00:26:31,01:03:19,,The Ballad of Buster Scruggs,,Netflix Chrome MAC (Cadmium) HTML 5,00:15:14,00:15:14,US (United States)
JB,2024-03-02 06:34:42,00:10:31,,The Ballad of Buster Scruggs,,Google Sabrina ATV Set Top Box,00:29:21,Not latest view,US (United States)
JB,2024-03-02 06:33:53,00:00:17,,The Ballad of Buster Scruggs,,Google Sabrina ATV Set Top Box,00:18:50,Not latest view,US (United States)
JB,2024-03-02 06:22:32,00:10:34,,The Ballad of Buster Scruggs,,Google Sabrina ATV Set Top Box,00:18:35,Not latest view,US (United States)
JB,2024-03-02 05:53:32,00:28:02,,The Legend of Hercules,,Google Sabrina ATV Set Top Box,01:30:06,01:30:06,US (United States)
JB,2024-03-02 05:10:48,00:42:10,,The Legend of Hercules,,Google Sabrina ATV Set Top Box,01:02:47,Not latest view,US (United States)
JB,2024-03-02 04:48:21,00:20:47,,The Legend of Hercules,,Google Sabrina ATV Set Top Box,00:21:43,Not latest view,US (United States)
JB,2024-03-02 04:48:13,00:00:04,Autoplayed: user action: None; ,The Legend of Hercules_hook_01_16x9,HOOK,Google Sabrina ATV Set Top Box,00:00:04,00:00:04,US (United States)
JB,2024-03-02 04:41:29,00:04:04,,The Ballad of Buster Scruggs,,Google Sabrina ATV Set Top Box,00:06:49,Not latest view,US (United States)
JB,2024-03-02 04:33:16,00:05:05,,Code 8 Part II,,Google Sabrina ATV Set Top Box,00:39:02,00:39:02,US (United States)
JB,2024-03-02 03:58:52,00:33:58,,Code 8 Part II,,Google Sabrina ATV Set Top Box,00:33:58,Not latest view,US (United States)
JB,2024-03-02 03:58:41,00:00:04,Autoplayed: user action: None; ,Trailer: Code 8 Part II,TRAILER,Google Sabrina ATV Set Top Box,00:00:04,Not latest view,US (United States)
JB,2024-03-02 03:58:30,00:00:06,Autoplayed: user action: None; ,Season 2 Cliffhanger Clip: KENGAN ASHURA,HOOK,Google Sabrina ATV Set Top Box,00:00:06,00:00:06,US (United States)
JB,2024-03-02 03:58:13,00:00:05,Autoplayed: user action: None; ,My Wife and Kids: Season 1_hook_primary_16x9,HOOK,Google Sabrina ATV Set Top Box,00:00:05,00:00:05,US (United States)
JB,2024-03-02 03:38:15,00:03:45,,Castlevania: Nocturne: Season 1: Horrors Rising from the Earth (Episode 4),,Netflix Chrome MAC (Cadmium) HTML 5,00:12:36,Not latest view,US (United States)
JB,2024-03-01 22:58:25,00:09:13,,Castlevania: Nocturne: Season 1: Horrors Rising from the Earth (Episode 4),,Netflix Chrome MAC (Cadmium) HTML 5,00:08:51,Not latest view,US (United States)
JB,2024-03-01 21:36:49,00:24:47,,Castlevania: Nocturne: Season 1: Freedom Was Sweeter (Episode 3),,Netflix Chrome MAC (Cadmium) HTML 5,00:24:19,00:24:19,US (United States)
JB,2024-03-01 08:03:04,00:00:05,,Castlevania: Nocturne: Season 1: Freedom Was Sweeter (Episode 3),,Netflix Chrome MAC (Cadmium) HTML 5,00:00:11,Not latest view,US (United States)
JB,2024-03-01 07:57:21,00:05:41,,Castlevania: Nocturne: Season 1: Horror Beyond Nightmares (Episode 2),,Netflix Chrome MAC (Cadmium) HTML 5,00:22:52,00:22:52,US (United States)
JB,2024-03-01 04:09:54,00:17:45,,Castlevania: Nocturne: Season 1: Horror Beyond Nightmares (Episode 2),,Netflix Chrome MAC (Cadmium) HTML 5,00:17:25,Not latest view,US (United States)
JB,2024-03-01 04:04:15,00:05:06,,Castlevania: Nocturne: Season 1: A Common Enemy in Evil (Episode 1),,Netflix Chrome MAC (Cadmium) HTML 5,00:25:40,00:25:40,US (United States)
JB,2024-02-29 01:19:29,00:21:17,,Castlevania: Nocturne: Season 1: A Common Enemy in Evil (Episode 1),,Netflix Chrome MAC (Cadmium) HTML 5,00:20:45,Not latest view,US (United States)
JB,2024-02-28 22:42:21,00:00:21,,Castlevania: Nocturne: Season 1: A Common Enemy in Evil (Episode 1),,Netflix Chrome MAC (Cadmium) HTML 5,00:00:21,Not latest view,US (United States)
JB,2024-02-28 22:41:46,00:00:08,,Avatar The Last Airbender: Season 1: Spirited Away (Episode 5),,Netflix Chrome MAC (Cadmium) HTML 5,00:15:30,Not latest view,US (United States)
JB,2024-02-28 05:50:12,00:27:19,,Avatar The Last Airbender: Season 1: Spirited Away (Episode 5),,Netflix Chrome MAC (Cadmium) HTML 5,00:26:49,Not latest view,US (United States)
JB,2024-02-28 04:54:42,00:49:39,,Avatar The Last Airbender: Season 1: Into the Dark (Episode 4),,Netflix Chrome MAC (Cadmium) HTML 5,00:49:29,00:49:29,US (United States)
JB,2024-02-27 07:41:47,00:44:40,,Avatar The Last Airbender: Season 1: Omashu (Episode 3),,Netflix Chrome MAC (Cadmium) HTML 5,00:46:24,00:46:24,US (United States)
JB,2024-02-27 07:41:07,00:00:15,,Avatar The Last Airbender: Season 1: Into the Dark (Episode 4),,Netflix Chrome MAC (Cadmium) HTML 5,00:00:21,Not latest view,US (United States)
JB,2024-02-26 11:01:11,00:48:09,,Avatar The Last Airbender: Season 1: Omashu (Episode 3),,Netflix Chrome MAC (Cadmium) HTML 5,00:46:26,Not latest view,US (United States)
JB,2024-02-26 10:48:09,00:13:00,,Avatar The Last Airbender: Season 1: Warriors (Episode 2),,Netflix Chrome MAC (Cadmium) HTML 5,00:42:39,00:42:39,US (United States)
JB,2024-02-26 08:49:19,00:09:26,,Avatar The Last Airbender: Season 1: Warriors (Episode 2),,Netflix Chrome MAC (Cadmium) HTML 5,00:29:38,Not latest view,US (United States)
JB,2024-02-26 08:45:29,00:03:22,,Avatar The Last Airbender: Season 1: Aang (Episode 1),,Netflix Chrome MAC (Cadmium) HTML 5,01:00:45,01:00:45,US (United States)
JB,2024-02-21 08:11:05,00:00:11,Autoplayed: user action: None; ,Season 1 Plot Clip: The Tourist,HOOK,Netflix Chrome MAC (Cadmium) HTML 5,00:00:11,00:00:11,US (United States)
JB,2024-02-14 03:53:03,00:00:28,Autoplayed: user action: None; ,The Cloverfield Paradox_HookClip_ArmInTheWall,PROMOTIONAL,Google Sabrina ATV Set Top Box,00:00:28,00:00:28,US (United States)
JB,2024-02-14 03:52:44,00:00:06,Autoplayed: user action: None; ,Teaser: ATHENA,TEASER_TRAILER,Google Sabrina ATV Set Top Box,00:00:06,00:00:06,US (United States)
JB,2024-02-14 03:48:07,00:02:58,,Circle,,Google Sabrina ATV Set Top Box,00:02:59,00:02:59,US (United States)
JB,2024-02-14 03:45:54,00:00:25,Autoplayed: user action: None; ,American Assassin_hook_05_16x9,HOOK,Google Sabrina ATV Set Top Box,00:00:25,00:00:25,US (United States)
JB,2024-02-14 03:45:26,00:00:04,Autoplayed: user action: None; ,I See You_hook_01_16x9,HOOK,Google Sabrina ATV Set Top Box,00:00:04,00:00:04,US (United States)
JB,2024-02-14 03:44:30,00:00:01,,The Disastrous Life of Saiki K.: Season 1: Episode 1,,Google Sabrina ATV Set Top Box,00:00:01,00:00:01,US (United States)
JB,2024-02-14 03:44:00,00:00:05,Autoplayed: user action: None; ,"Game Over, Man!_hook_09_16x9",HOOK,Google Sabrina ATV Set Top Box,00:00:05,00:00:05,US (United States)
JB,2024-02-14 03:43:42,00:00:04,Autoplayed: user action: None; ,Blockers_hook_primary_16x9,HOOK,Google Sabrina ATV Set Top Box,00:00:04,00:00:04,US (United States)
JB,2024-02-14 03:43:23,00:00:08,Autoplayed: user action: None; ,Army of Thieves - Upper Bound Clip 10,HOOK,Google Sabrina ATV Set Top Box,00:00:08,00:00:08,US (United States)
JB,2024-02-14 03:43:07,00:00:07,Autoplayed: user action: None; ,Army of Thieves - Upper Bound Clip 10,HOOK,Google Sabrina ATV Set Top Box,00:00:07,Not latest view,US (United States)
JB,2024-02-14 03:42:41,00:00:08,Autoplayed: user action: None; ,Hunter Killer - CLM 2,HOOK,Google Sabrina ATV Set Top Box,00:00:08,00:00:08,US (United States)
JB,2024-02-14 03:42:30,00:00:06,Autoplayed: user action: None; ,Inciting Incident Clip: The Guilty,HOOK,Google Sabrina ATV Set Top Box,00:00:06,00:00:06,US (United States)
JB,2024-02-14 03:41:58,00:00:19,Autoplayed: user action: None; ,Level 16_hook_primary_16x9,HOOK,Google Sabrina ATV Set Top Box,00:00:19,00:00:19,US (United States)
JB,2024-02-14 03:41:31,00:00:06,Autoplayed: user action: None; ,Code 8 - CLM 1,HOOK,Google Sabrina ATV Set Top Box,00:00:06,00:00:06,US (United States)
JB,2024-02-14 03:41:16,00:00:07,Autoplayed: user action: None; ,Man of Steel_hook_03_16x9,HOOK,Google Sabrina ATV Set Top Box,00:00:07,00:00:07,US (United States)
JB,2024-02-14 03:40:33,00:00:04,Autoplayed: user action: None; ,Trailer 2: Day Shift,TRAILER,Google Sabrina ATV Set Top Box,00:00:04,00:00:04,US (United States)
JB,2024-02-14 03:40:05,00:00:10,Autoplayed: user action: None; ,The First Purge_hook_primary_16x9,HOOK,Google Sabrina ATV Set Top Box,00:00:10,00:00:10,US (United States)
JB,2024-02-14 03:39:55,00:00:06,Autoplayed: user action: None; ,Prometheus_hook_primary_16x9,HOOK,Google Sabrina ATV Set Top Box,00:00:06,00:00:06,US (United States)
JB,2024-02-14 03:39:33,00:00:16,Autoplayed: user action: None; ,The Legend of Tarzan_hook_primary_16x9,HOOK,Google Sabrina ATV Set Top Box,00:00:16,00:00:16,US (United States)
JB,2024-02-14 03:38:59,00:00:04,Autoplayed: user action: None; ,American Assassin_hook_05_16x9,HOOK,Google Sabrina ATV Set Top Box,00:00:04,Not latest view,US (United States)
JB,2024-02-14 03:38:48,00:00:08,Autoplayed: user action: None; ,"Trailer: Lover, Stalker, Killer",TRAILER,Google Sabrina ATV Set Top Box,00:00:08,00:00:08,US (United States)
JB,2024-02-14 03:38:21,00:00:17,Autoplayed: user action: None; ,POLAR_CLIP_SUPPORTINGCHARACTER,HOOK,Google Sabrina ATV Set Top Box,00:00:17,00:00:17,US (United States)
JB,2024-02-14 03:37:29,00:00:19,Autoplayed: user action: None; ,6 Underground_VAR2-RECIPE-3_EDITOR1,TEASER_TRAILER,Google Sabrina ATV Set Top Box,00:00:19,00:00:19,US (United States)
JB,2024-02-14 03:36:45,00:00:36,Autoplayed: user action: None; ,Teaser 2: Luther: The Fallen Sun,TEASER_TRAILER,Google Sabrina ATV Set Top Box,00:00:36,00:00:36,US (United States)
JB,2024-02-14 03:36:13,00:00:20,Autoplayed: user action: None; ,What Happened to Monday (Trailer),TRAILER,Google Sabrina ATV Set Top Box,00:00:20,00:00:20,US (United States)
JB,2024-02-14 03:35:57,00:00:07,Autoplayed: user action: None; ,Lucy_hook_primary_16x9,HOOK,Google Sabrina ATV Set Top Box,00:00:07,00:00:07,US (United States)
JB,2024-02-14 03:35:40,00:00:12,Autoplayed: user action: None; ,Teaser 3: Extraction 2,TEASER_TRAILER,Google Sabrina ATV Set Top Box,00:00:12,00:00:12,US (United States)
JB,2024-02-14 03:35:29,00:00:06,Autoplayed: user action: None; ,Horrible Bosses 2_hook_primary_16x9,HOOK,Google Sabrina ATV Set Top Box,00:00:06,00:00:06,US (United States)
JB,2024-02-14 03:35:22,00:00:04,Autoplayed: user action: None; ,Super Mario Bros._hook_04_16x9,HOOK,Google Sabrina ATV Set Top Box,00:00:04,00:00:04,US (United States)
JB,2024-02-14 03:35:12,00:00:04,Autoplayed: user action: None; ,Fury_hook_primary_16x9,HOOK,Google Sabrina ATV Set Top Box,00:00:04,00:00:04,US (United States)
JB,2024-02-14 03:35:01,00:00:05,Autoplayed: user action: None; ,Cliffhanger Clip: Society of the Snow,HOOK,Google Sabrina ATV Set Top Box,00:00:05,00:00:05,US (United States)
JB,2024-02-14 03:33:37,00:00:26,Autoplayed: user action: None; ,American Assassin_hook_05_16x9,HOOK,Google Sabrina ATV Set Top Box,00:00:27,Not latest view,US (United States)
JB,2024-02-11 09:13:23,00:02:50,,Kuroko's Basketball: Season 1: Episode 8,,Google Sabrina ATV Set Top Box,00:05:51,00:05:51,US (United States)
JB,2024-02-11 09:13:07,00:00:06,,Kuroko's Basketball: Season 1: Episode 8,,Google Sabrina ATV Set Top Box,00:03:04,Not latest view,US (United States)
JB,2024-02-11 09:02:12,00:00:03,Autoplayed: user action: None; ,Kuroko's Basketball: Season 1: Episode 8,,Google Sabrina ATV Set Top Box,00:00:03,Not latest view,US (United States)
JB,2024-02-11 08:42:41,00:19:27,Autoplayed: user action: User_Interaction; ,Kuroko's Basketball: Season 1: Episode 7,,Google Sabrina ATV Set Top Box,00:22:18,00:22:18,US (United States)
JB,2024-02-11 08:27:38,00:14:59,,Kuroko's Basketball: Season 1: Episode 6,,Google Sabrina ATV Set Top Box,00:22:24,00:22:24,US (United States)
JB,2024-02-11 08:20:55,00:06:21,Autoplayed: user action: User_Interaction; ,Kuroko's Basketball: Season 1: Episode 6,,Google Sabrina ATV Set Top Box,00:07:42,Not latest view,US (United States)
JB,2024-02-11 08:06:55,00:12:55,,Kuroko's Basketball: Season 1: Episode 5,,Google Sabrina ATV Set Top Box,00:22:21,00:22:21,US (United States)
JB,2024-02-11 08:01:41,00:05:04,,Kuroko's Basketball: Season 1: Episode 5,,Google Sabrina ATV Set Top Box,00:09:27,Not latest view,US (United States)
JB,2024-02-11 01:09:13,00:00:28,,Kuroko's Basketball: Season 1: Episode 5,,Google Sabrina ATV Set Top Box,00:04:25,Not latest view,US (United States)
JB,2024-02-10 22:29:46,00:03:01,Autoplayed: user action: User_Interaction; ,Kuroko's Basketball: Season 1: Episode 5,,Google Sabrina ATV Set Top Box,00:05:51,Not latest view,US (United States)
JB,2024-02-10 22:10:08,00:19:18,Autoplayed: user action: User_Interaction; ,Kuroko's Basketball: Season 1: Episode 4,,Google Sabrina ATV Set Top Box,00:22:21,00:22:21,US (United States)
JB,2024-02-10 21:45:03,00:21:42,,Kuroko's Basketball: Season 1: Episode 3,,Google Sabrina ATV Set Top Box,00:22:22,00:22:22,US (United States)
JB,2024-02-10 21:33:49,00:00:36,,Kuroko's Basketball: Season 1: Episode 3,,Google Sabrina ATV Set Top Box,00:03:18,Not latest view,US (United States)
JB,2024-02-09 08:31:00,00:02:46,,Kuroko's Basketball: Season 1: Episode 3,,Google Sabrina ATV Set Top Box,00:02:46,Not latest view,US (United States)
JB,2024-02-09 08:08:04,00:22:22,,Kuroko's Basketball: Season 1: Episode 2,,Google Sabrina ATV Set Top Box,00:22:22,00:22:22,US (United States)
JB,2024-02-09 07:45:40,00:21:14,,Kuroko's Basketball: Season 1: Episode 1,,Google Sabrina ATV Set Top Box,00:22:31,00:22:31,US (United States)
JB,2024-02-09 07:44:35,00:00:30,Autoplayed: user action: None; ,BEASTARS: Season 1 - Upper Bound Clip 6,HOOK,Google Sabrina ATV Set Top Box,00:00:30,00:00:30,US (United States)
JB,2024-02-09 07:43:41,00:00:06,Autoplayed: user action: None; ,Hunter X Hunter (2011): Season 1_hook_05_16x9,HOOK,Google Sabrina ATV Set Top Box,00:00:06,00:00:06,US (United States)
JB,2024-02-09 07:34:29,00:00:25,Autoplayed: user action: None; ,American Assassin_hook_01_16x9,HOOK,Google Sabrina ATV Set Top Box,00:00:25,00:00:25,US (United States)
JB,2024-02-08 19:51:58,00:17:49,,Snowpiercer,,Netflix Chrome MAC (Cadmium) HTML 5,02:01:08,02:01:08,US (United States)
JB,2024-02-08 19:49:43,00:01:10,Autoplayed: user action: None; ,Season 2 Trailer: Love on the Spectrum,TRAILER,Netflix Chrome MAC (Cadmium) HTML 5,00:01:10,00:01:10,US (United States)
JB,2024-02-08 08:47:10,00:00:17,Autoplayed: user action: None; ,Breaking Bad: Season 1_hook_primary_16x9,HOOK,Netflix Chrome MAC (Cadmium) HTML 5,00:00:17,Not latest view,US (United States)
JB,2024-02-08 08:17:01,00:29:25,,Snowpiercer,,Netflix Chrome MAC (Cadmium) HTML 5,02:01:04,Not latest view,US (United States)
JB,2024-02-08 07:53:12,00:21:57,,Snowpiercer,,Netflix Chrome MAC (Cadmium) HTML 5,01:37:08,Not latest view,US (United States)
JB,2024-02-08 07:48:23,00:04:37,,Snowpiercer,,Netflix Chrome MAC (Cadmium) HTML 5,01:16:25,Not latest view,US (United States)
JB,2024-02-08 07:18:12,00:29:01,,Snowpiercer,,Netflix Chrome MAC (Cadmium) HTML 5,01:12:33,Not latest view,US (United States)
JB,2024-02-08 07:18:00,00:00:03,,Snowpiercer,,Netflix Chrome MAC (Cadmium) HTML 5,00:43:28,Not latest view,US (United States)
JB,2024-02-08 07:16:52,00:00:10,,Snowpiercer,,Google Sabrina ATV Set Top Box,00:43:35,Not latest view,US (United States)
JB,2024-02-08 01:18:39,00:27:29,,Snowpiercer,,Netflix Chrome MAC (Cadmium) HTML 5,00:43:29,Not latest view,US (United States)
JB,2024-02-08 00:39:09,00:12:14,,Snowpiercer,,Google Sabrina ATV Set Top Box,00:16:05,Not latest view,US (United States)
JB,2024-02-08 00:10:55,00:26:28,,Love on the Spectrum: Season 2: Episode 1,,Google Sabrina ATV Set Top Box,00:26:53,00:26:53,US (United States)
JB,2024-02-08 00:07:14,00:01:49,Autoplayed: user action: None; ,The Seven Deadly Sins: Prisoners of the Sky_hook_primary_16x9,HOOK,Google Sabrina ATV Set Top Box,00:01:49,00:01:49,US (United States)
JB,2024-02-08 00:06:25,00:00:05,Autoplayed: user action: None; ,YASUKE_S1_CLIP_PLOT,HOOK,Google Sabrina ATV Set Top Box,00:00:05,00:00:05,US (United States)
JB,2024-02-08 00:05:11,00:00:48,Autoplayed: user action: None; ,Season 1 Genre Specific Moment Clip 2: Akuma Kun,HOOK,Google Sabrina ATV Set Top Box,00:00:48,00:00:48,US (United States)
JB,2024-02-08 00:04:45,00:00:06,Autoplayed: user action: None; ,Sirius the Jaeger: Season 1_hook_primary_16x9,HOOK,Google Sabrina ATV Set Top Box,00:00:06,00:00:06,US (United States)
JB,2024-02-08 00:04:17,00:00:23,Autoplayed: user action: None; ,Season 1 Cliffhanger Clip: PLUTO,HOOK,Google Sabrina ATV Set Top Box,00:00:23,00:00:23,US (United States)
JB,2024-02-08 00:03:40,00:00:10,Autoplayed: user action: None; ,One Piece: 3D2Y - Overcome Ace's Death! Luffy's Vow to His Friends_hook_05_16x9,HOOK,Google Sabrina ATV Set Top Box,00:00:10,00:00:10,US (United States)
JB,2024-02-08 00:02:12,00:01:22,Autoplayed: user action: None; ,Devilman Crybaby (Trailer),TRAILER,Google Sabrina ATV Set Top Box,00:01:23,00:01:23,US (United States)
JB,2024-02-08 00:02:04,00:00:04,Autoplayed: user action: None; ,The Witcher: Nightmare of the Wolf: Season 1 - Baseline Clip 1,HOOK,Google Sabrina ATV Set Top Box,00:00:04,00:00:04,US (United States)
JB,2024-02-08 00:01:32,00:00:09,Autoplayed: user action: None; ,Monsters 103 Mercies Dragon Damnation_hook_03_16x9,HOOK,Google Sabrina ATV Set Top Box,00:00:09,00:00:09,US (United States)
JB,2024-02-08 00:01:14,00:00:13,Autoplayed: user action: None; ,Vinland Saga: Season 1_hook_01_16x9,HOOK,Google Sabrina ATV Set Top Box,00:00:13,00:00:13,US (United States)
JB,2024-02-08 00:00:25,00:00:43,Autoplayed: user action: None; ,Naruto: Season 1 - CLM 22,HOOK,Google Sabrina ATV Set Top Box,00:00:43,00:00:43,US (United States)
JB,2024-02-08 00:00:15,00:00:04,Autoplayed: user action: None; ,Forest of Piano: Season 1_hook_02_16x9,HOOK,Google Sabrina ATV Set Top Box,00:00:04,00:00:04,US (United States)
JB,2024-02-06 04:50:30,00:50:22,,You: Season 4: The Death of Jonathan Moore (Episode 10),,Google Sabrina ATV Set Top Box,00:51:20,00:51:20,US (United States)
JB,2024-02-03 01:58:02,00:00:07,,You: Season 4: She's Not There (Episode 9),,Google Sabrina ATV Set Top Box,00:42:59,00:42:59,US (United States)
JB,2024-02-03 01:14:40,00:42:53,,You: Season 4: She's Not There (Episode 9),,Google Sabrina ATV Set Top Box,00:43:47,Not latest view,US (United States)
JB,2024-02-03 00:20:10,00:47:37,,"You: Season 4: Where Are You Going, Where Have You Been? (Episode 8)",,Google Sabrina ATV Set Top Box,00:48:07,00:48:07,US (United States)
JB,2024-02-02 23:35:42,00:43:28,,"You: Season 4: Good Man, Cruel World (Episode 7)",,Google Sabrina ATV Set Top Box,00:43:55,00:43:55,US (United States)
JB,2024-02-02 23:31:23,00:02:31,,You: Season 4: Best of Friends (Episode 6),,Google Sabrina ATV Set Top Box,00:51:24,00:51:24,US (United States)
JB,2024-02-02 23:29:56,00:00:36,,"You: Season 4: Good Man, Cruel World (Episode 7)",,Google Sabrina ATV Set Top Box,00:01:23,Not latest view,US (United States)
JB,2024-02-02 23:29:30,00:00:05,,"You: Season 4: Where Are You Going, Where Have You Been? (Episode 8)",,Google Sabrina ATV Set Top Box,00:25:25,Not latest view,US (United States)
JB,2024-02-02 01:02:27,00:24:16,,"You: Season 4: Where Are You Going, Where Have You Been? (Episode 8)",,Google Sabrina ATV Set Top Box,00:25:20,Not latest view,US (United States)
JB,2024-02-02 00:19:18,00:43:06,,"You: Season 4: Good Man, Cruel World (Episode 7)",,Google Sabrina ATV Set Top Box,00:43:59,Not latest view,US (United States)
JB,2024-02-01 23:35:44,00:40:22,,You: Season 4: Best of Friends (Episode 6),,Google Sabrina ATV Set Top Box,00:51:27,Not latest view,US (United States)
JB,2024-01-31 19:36:50,00:15:11,,You: Season 4: Best of Friends (Episode 6),,Netflix Chrome MAC (Cadmium) HTML 5,00:17:44,Not latest view,US (United States)
JB,2024-01-31 19:26:58,00:09:51,,You: Season 4: The Fox and the Hound (Episode 5),,Netflix Chrome MAC (Cadmium) HTML 5,00:46:11,00:46:11,US (United States)
JB,2024-01-29 06:19:43,00:35:15,,You: Season 4: The Fox and the Hound (Episode 5),,Netflix Chrome MAC (Cadmium) HTML 5,00:36:20,Not latest view,US (United States)
JB,2024-01-29 05:52:03,00:24:04,,You: Season 4: Hampsie (Episode 4),,Netflix Chrome MAC (Cadmium) HTML 5,00:51:40,00:51:40,US (United States)
JB,2024-01-29 04:20:14,00:30:06,,You: Season 4: Hampsie (Episode 4),,Netflix Chrome MAC (Cadmium) HTML 5,00:28:45,Not latest view,US (United States)
JB,2024-01-29 03:20:37,00:58:23,,You: Season 4: Eat the Rich (Episode 3),,Netflix Chrome MAC (Cadmium) HTML 5,00:41:14,00:41:14,US (United States)
JB,2024-01-29 02:29:25,00:41:45,,You: Season 4: Portrait of the Artist (Episode 2),,Netflix Chrome MAC (Cadmium) HTML 5,00:44:18,00:44:18,US (United States)
JB,2024-01-29 02:29:09,00:00:09,Autoplayed: user action: None; ,Season 1 Teaser 3: The Brothers Sun,TEASER_TRAILER,Netflix Chrome MAC (Cadmium) HTML 5,00:00:09,00:00:09,US (United States)
JB,2024-01-28 07:56:56,00:01:41,,You: Season 4: Portrait of the Artist (Episode 2),,Google Sabrina ATV Set Top Box,00:02:44,Not latest view,US (United States)
JB,2024-01-28 07:05:11,00:48:00,,You: Season 4: Joe Takes a Holiday (Episode 1),,Google Sabrina ATV Set Top Box,00:49:24,00:49:24,US (United States)
JB,2024-01-28 06:06:03,00:57:39,,You: Season 3: What Is Love? (Episode 10),,Google Sabrina ATV Set Top Box,00:57:32,00:57:32,US (United States)
JB,2024-01-28 05:20:38,00:45:06,,You: Season 3: Red Flag (Episode 9),,Google Sabrina ATV Set Top Box,00:46:04,00:46:04,US (United States)
JB,2024-01-28 04:30:48,00:49:39,,You: Season 3: Swing and a Miss (Episode 8),,Google Sabrina ATV Set Top Box,00:48:52,00:48:52,US (United States)
JB,2024-01-26 21:10:54,00:00:08,Autoplayed: user action: None; ,You: Season 3: Swing and a Miss (Episode 8),,Netflix Chrome MAC (Cadmium) HTML 5,00:01:01,Not latest view,US (United States)
JB,2024-01-26 18:04:20,00:48:39,,You: Season 3: We're All Mad Here (Episode 7),,Netflix Chrome MAC (Cadmium) HTML 5,00:48:47,00:48:47,US (United States)
JB,2024-01-26 09:49:18,00:00:01,,You: Season 3: We're All Mad Here (Episode 7),,Netflix Chrome MAC (Cadmium) HTML 5,00:00:50,Not latest view,US (United States)
JB,2024-01-26 09:27:58,00:21:04,,You: Season 3: W.O.M.B. (Episode 6),,Netflix Chrome MAC (Cadmium) HTML 5,00:50:46,00:50:46,US (United States)
JB,2024-01-26 09:27:28,00:00:21,,You: Season 3: We're All Mad Here (Episode 7),,Netflix Chrome MAC (Cadmium) HTML 5,00:03:56,Not latest view,US (United States)
JB,2024-01-25 08:20:49,00:40:46,Autoplayed: user action: None; ,You: Season 3: We're All Mad Here (Episode 7),,Netflix Chrome MAC (Cadmium) HTML 5,00:41:35,Not latest view,US (United States)
JB,2024-01-25 07:46:57,00:33:52,,You: Season 3: W.O.M.B. (Episode 6),,Netflix Chrome MAC (Cadmium) HTML 5,00:50:47,Not latest view,US (United States)
JB,2024-01-25 06:14:03,00:03:40,,You: Season 3: W.O.M.B. (Episode 6),,Google Sabrina ATV Set Top Box,00:16:55,Not latest view,US (United States)
JB,2024-01-25 05:48:41,00:00:03,,You: Season 3: W.O.M.B. (Episode 6),,Google Sabrina ATV Set Top Box,00:13:18,Not latest view,US (United States)
JB,2024-01-23 19:22:02,00:00:06,,You: Season 3: W.O.M.B. (Episode 6),,Netflix Chrome MAC (Cadmium) HTML 5,00:13:17,Not latest view,US (United States)
JB,2024-01-23 07:20:47,00:12:34,,You: Season 3: W.O.M.B. (Episode 6),,Netflix Chrome MAC (Cadmium) HTML 5,00:13:10,Not latest view,US (United States)
JB,2024-01-23 06:56:22,00:24:19,,You: Season 3: Into the Woods (Episode 5),,Netflix Chrome MAC (Cadmium) HTML 5,00:42:23,00:42:23,US (United States)
JB,2024-01-23 06:55:29,00:00:33,,You: Season 3: W.O.M.B. (Episode 6),,Netflix Chrome MAC (Cadmium) HTML 5,00:00:31,Not latest view,US (United States)
JB,2024-01-22 05:44:25,00:10:12,,You: Season 3: W.O.M.B. (Episode 6),,Netflix Chrome MAC (Cadmium) HTML 5,00:10:59,Not latest view,US (United States)
JB,2024-01-22 05:00:23,00:42:28,,You: Season 3: Into the Woods (Episode 5),,Netflix Chrome MAC (Cadmium) HTML 5,00:42:28,Not latest view,US (United States)
JB,2024-01-22 05:00:13,00:00:04,Autoplayed: user action: None; ,The Legend of Tarzan_hook_primary_16x9,HOOK,Netflix Chrome MAC (Cadmium) HTML 5,00:00:04,Not latest view,US (United States)
JB,2024-01-18 07:38:47,00:43:41,,You: Season 3: Hands Across Madre Linda (Episode 4),,Google Sabrina ATV Set Top Box,00:44:28,00:44:28,US (United States)
JB,2024-01-18 07:33:46,00:04:56,,You: Season 3: Missing White Woman Syndrome (Episode 3),,Google Sabrina ATV Set Top Box,00:41:52,00:41:52,US (United States)
JB,2024-01-17 21:59:05,00:36:06,,You: Season 3: Missing White Woman Syndrome (Episode 3),,Google Sabrina ATV Set Top Box,00:36:57,Not latest view,US (United States)
JB,2024-01-17 21:20:44,00:36:35,,You: Season 3: So I Married an Axe Murderer (Episode 2),,Google Sabrina ATV Set Top Box,00:48:47,00:48:47,US (United States)
JB,2024-01-17 20:55:24,00:00:19,,You: Season 3: So I Married an Axe Murderer (Episode 2),,Google Sabrina ATV Set Top Box,00:12:16,Not latest view,US (United States)
JB,2024-01-17 17:53:39,00:00:18,Autoplayed: user action: None; ,Season 1 Informative Clip 3: American Nightmare,HOOK,Google Sabrina ATV Set Top Box,00:00:18,00:00:18,US (United States)
JB,2024-01-17 07:33:05,00:16:23,,You: Season 3: So I Married an Axe Murderer (Episode 2),,Netflix Chrome MAC (Cadmium) HTML 5,00:17:43,Not latest view,US (United States)
JB,2024-01-17 06:37:17,00:51:08,,You: Season 3: And They Lived Happily Ever After (Episode 1),,Netflix Chrome MAC (Cadmium) HTML 5,00:49:35,00:49:35,US (United States)
JB,2024-01-16 20:00:42,01:02:23,,Lift,,Google Sabrina ATV Set Top Box,00:59:25,Not latest view,US (United States)
JB,2024-01-16 20:00:31,00:00:08,Autoplayed: user action: None; ,Trailer: Lift,TRAILER,Google Sabrina ATV Set Top Box,00:00:08,Not latest view,US (United States)
JB,2024-01-16 09:40:25,00:00:02,,You: Season 3: And They Lived Happily Ever After (Episode 1),,Google Sabrina ATV Set Top Box,00:00:12,Not latest view,US (United States)
JB,2024-01-16 08:50:35,00:49:39,,"You: Season 2: Love, Actually (Episode 10)",,Google Sabrina ATV Set Top Box,00:48:51,00:48:51,US (United States)
JB,2024-01-16 08:25:01,00:24:46,,You: Season 2: P.I. Joe (Episode 9),,Google Sabrina ATV Set Top Box,00:43:46,00:43:46,US (United States)
JB,2024-01-16 01:34:57,00:17:42,,You: Season 2: P.I. Joe (Episode 9),,Google Sabrina ATV Set Top Box,00:21:53,Not latest view,US (United States)
JB,2024-01-15 23:29:54,00:05:48,Autoplayed: user action: User_Interaction; ,You: Season 2: P.I. Joe (Episode 9),,Google Sabrina ATV Set Top Box,00:05:31,Not latest view,US (United States)
JB,2024-01-15 23:25:16,00:01:19,,You: Season 2: Fear and Loathing in Beverly Hills (Episode 8),,Google Sabrina ATV Set Top Box,00:47:16,00:47:16,US (United States)
JB,2024-01-15 22:16:09,00:46:51,,You: Season 2: Fear and Loathing in Beverly Hills (Episode 8),,Google Sabrina ATV Set Top Box,00:45:59,Not latest view,US (United States)
JB,2024-01-15 22:15:02,00:00:07,,You: Season 2: Fear and Loathing in Beverly Hills (Episode 8),,Google Sabrina ATV Set Top Box,00:01:59,Not latest view,US (United States)
JB,2024-01-15 09:17:25,00:00:07,Autoplayed: user action: None; ,You: Season 2: Fear and Loathing in Beverly Hills (Episode 8),,Google Sabrina ATV Set Top Box,00:00:24,Not latest view,US (United States)
JB,2024-01-15 08:49:09,00:28:10,,You: Season 2: Ex-istential Crisis (Episode 7),,Google Sabrina ATV Set Top Box,00:49:27,00:49:27,US (United States)
JB,2024-01-15 07:49:59,00:19:30,,You: Season 2: Ex-istential Crisis (Episode 7),,Google Sabrina ATV Set Top Box,00:21:18,Not latest view,US (United States)
JB,2024-01-15 07:32:49,00:03:35,,You: Season 2: Ex-istential Crisis (Episode 7),,Google Sabrina ATV Set Top Box,00:04:26,Not latest view,US (United States)
JB,2024-01-15 07:26:55,00:00:42,,You: Season 2: Ex-istential Crisis (Episode 7),,Google Sabrina ATV Set Top Box,00:00:52,Not latest view,US (United States)
JB,2024-01-15 07:07:36,00:17:34,,"You: Season 2: Farewell, My Bunny (Episode 6)",,Google Sabrina ATV Set Top Box,00:44:18,00:44:18,US (United States)
JB,2024-01-15 07:07:02,00:00:02,,You: Season 2: Ex-istential Crisis (Episode 7),,Google Sabrina ATV Set Top Box,00:00:02,Not latest view,US (United States)
JB,2024-01-15 07:05:13,00:01:23,,You: Season 2: Fear and Loathing in Beverly Hills (Episode 8),,Google Sabrina ATV Set Top Box,00:31:07,Not latest view,US (United States)
JB,2024-01-14 09:36:55,00:29:30,,You: Season 2: Fear and Loathing in Beverly Hills (Episode 8),,Google Sabrina ATV Set Top Box,00:29:47,Not latest view,US (United States)
JB,2024-01-14 08:46:29,00:49:16,,You: Season 2: Ex-istential Crisis (Episode 7),,Google Sabrina ATV Set Top Box,00:49:26,Not latest view,US (United States)
JB,2024-01-14 08:02:04,00:44:05,,"You: Season 2: Farewell, My Bunny (Episode 6)",,Google Sabrina ATV Set Top Box,00:44:22,Not latest view,US (United States)
JB,2024-01-14 04:43:31,00:00:08,,"You: Season 2: Farewell, My Bunny (Episode 6)",,Google Sabrina ATV Set Top Box,00:00:18,Not latest view,US (United States)
JB,2024-01-14 03:41:20,00:49:05,,"You: Season 2: Have a Good Wellkend, Joe! (Episode 5)",,Google Sabrina ATV Set Top Box,00:48:34,00:48:34,US (United States)
JB,2024-01-14 03:34:43,00:06:11,,"You: Season 2: The Good, the Bad, & the Hendy (Episode 4)",,Google Sabrina ATV Set Top Box,00:47:50,00:47:50,US (United States)
JB,2024-01-14 03:33:41,00:00:52,Autoplayed: user action: None; ,Young Sheldon: Season 1_hook_primary_16x9,HOOK,Google Sabrina ATV Set Top Box,00:01:02,00:01:02,US (United States)
JB,2024-01-14 03:33:17,00:00:11,Autoplayed: user action: None; ,Young Sheldon: Season 1_hook_primary_16x9,HOOK,Google Sabrina ATV Set Top Box,00:00:11,Not latest view,US (United States)
JB,2024-01-13 15:18:31,00:01:05,Autoplayed: user action: None; ,Young Sheldon: Season 1_hook_01_16x9,HOOK,Google Sabrina ATV Set Top Box,00:01:05,00:01:05,US (United States)
JB,2024-01-13 15:18:17,00:00:08,Autoplayed: user action: None; ,The Jeffrey Dahmer Story Upper Bound Clip 8: DAHMER: Monster,HOOK,Google Sabrina ATV Set Top Box,00:00:08,00:00:08,US (United States)
JB,2024-01-13 15:17:36,00:00:37,Autoplayed: user action: None; ,Act II Conflict Clip: Stranger Things 4 Volume 2,HOOK,Google Sabrina ATV Set Top Box,00:00:37,00:00:37,US (United States)
JB,2024-01-13 15:17:26,00:00:08,Autoplayed: user action: None; ,Season 1 Genre Specific Moment Clip 2: Obliterated,HOOK,Google Sabrina ATV Set Top Box,00:00:08,00:00:08,US (United States)
JB,2024-01-13 15:16:34,00:00:48,Autoplayed: user action: None; ,Season 1 Moment of High Emotion Clip: BEEF,HOOK,Google Sabrina ATV Set Top Box,00:00:48,00:00:48,US (United States)
JB,2024-01-13 15:15:48,00:00:40,Autoplayed: user action: None; ,Season 1 Supporting Character Clip: Fatal Seduction,HOOK,Google Sabrina ATV Set Top Box,00:00:40,00:00:40,US (United States)
JB,2024-01-13 15:13:54,00:01:50,Autoplayed: user action: None; ,Season 3 Supporting Character Clip 2: Top Boy,HOOK,Google Sabrina ATV Set Top Box,00:01:50,00:01:50,US (United States)
JB,2024-01-13 15:13:36,00:00:11,Autoplayed: user action: None; ,Season 1 Main Character Intro Clip: The Night Agent,HOOK,Google Sabrina ATV Set Top Box,00:00:11,00:00:11,US (United States)
JB,2024-01-13 15:13:03,00:00:06,Autoplayed: user action: None; ,Cliffhanger Clip: Society of the Snow,HOOK,Google Sabrina ATV Set Top Box,00:00:06,Not latest view,US (United States)
JB,2024-01-13 06:57:29,00:43:52,,"You: Season 2: The Good, the Bad, & the Hendy (Episode 4)",,Google Sabrina ATV Set Top Box,00:45:40,Not latest view,US (United States)
JB,2024-01-13 01:26:40,00:00:05,Autoplayed: user action: None; ,The First Purge_hook_primary_16x9,HOOK,Google Sabrina ATV Set Top Box,00:00:05,Not latest view,US (United States)
JB,2024-01-13 01:26:17,00:00:09,Autoplayed: user action: None; ,Trailer: Lift,TRAILER,Google Sabrina ATV Set Top Box,00:00:09,Not latest view,US (United States)
JB,2024-01-13 01:23:38,00:00:04,Autoplayed: user action: None; ,Genre Specific Moment Clip: Lift,HOOK,Google Sabrina ATV Set Top Box,00:00:04,00:00:04,US (United States)
JB,2024-01-12 10:30:52,00:42:42,,"You: Season 2: Farewell, My Bunny (Episode 6)",,Google Sabrina ATV Set Top Box,00:42:52,Not latest view,US (United States)
JB,2024-01-12 09:42:20,00:48:29,,"You: Season 2: Have a Good Wellkend, Joe! (Episode 5)",,Google Sabrina ATV Set Top Box,00:48:39,Not latest view,US (United States)
JB,2024-01-12 08:53:52,00:47:57,,"You: Season 2: The Good, the Bad, & the Hendy (Episode 4)",,Google Sabrina ATV Set Top Box,00:47:55,Not latest view,US (United States)
JB,2024-01-12 08:52:13,00:00:51,,You: Season 2: What Are Friends For? (Episode 3),,Google Sabrina ATV Set Top Box,00:50:34,00:50:34,US (United States)
JB,2024-01-12 08:49:17,00:00:06,,"You: Season 2: The Good, the Bad, & the Hendy (Episode 4)",,Google Sabrina ATV Set Top Box,00:00:06,Not latest view,US (United States)
JB,2024-01-12 02:03:43,00:00:01,,"You: Season 2: The Good, the Bad, & the Hendy (Episode 4)",,Google Sabrina ATV Set Top Box,00:00:11,Not latest view,US (United States)
JB,2024-01-11 07:18:46,00:00:04,,"You: Season 2: The Good, the Bad, & the Hendy (Episode 4)",,Google Sabrina ATV Set Top Box,00:00:14,Not latest view,US (United States)
JB,2024-01-11 06:14:40,00:50:51,Autoplayed: user action: User_Interaction; ,You: Season 2: What Are Friends For? (Episode 3),,Google Sabrina ATV Set Top Box,00:48:43,Not latest view,US (United States)
JB,2024-01-11 06:09:02,00:04:20,,You: Season 2: Just the Tip (Episode 2),,Google Sabrina ATV Set Top Box,00:48:51,00:48:51,US (United States)
JB,2024-01-11 04:57:47,00:32:23,,You: Season 2: Just the Tip (Episode 2),,Netflix Chrome MAC (Cadmium) HTML 5,00:46:46,Not latest view,US (United States)
JB,2024-01-11 03:28:56,00:08:35,,You: Season 2: Just the Tip (Episode 2),,Netflix Chrome MAC (Cadmium) HTML 5,00:14:54,Not latest view,US (United States)
JB,2024-01-11 01:38:27,00:00:03,,You: Season 2: Just the Tip (Episode 2),,Google Sabrina ATV Set Top Box,00:06:19,Not latest view,US (United States)
JB,2024-01-10 20:59:50,00:33:50,,You: Season 2: Just the Tip (Episode 2),,Google Sabrina ATV Set Top Box,00:31:43,Not latest view,US (United States)
JB,2024-01-10 17:25:04,00:00:01,,You: Season 2: Just the Tip (Episode 2),,Google Sabrina ATV Set Top Box,00:00:38,Not latest view,US (United States)
JB,2024-01-10 09:02:53,00:00:32,,You: Season 2: Just the Tip (Episode 2),,Google Sabrina ATV Set Top Box,00:00:42,Not latest view,US (United States)
JB,2024-01-10 08:33:03,00:25:55,,You: Season 2: A Fresh Start (Episode 1),,Google Sabrina ATV Set Top Box,00:48:13,00:48:13,US (United States)
JB,2024-01-10 08:32:26,00:00:02,,You: Season 2: Just the Tip (Episode 2),,Google Sabrina ATV Set Top Box,00:32:27,Not latest view,US (United States)
JB,2024-01-10 08:32:17,00:00:04,Autoplayed: user action: None; ,Season 3 Teaser 1: You,TEASER_TRAILER,Google Sabrina ATV Set Top Box,00:00:04,00:00:04,US (United States)
JB,2024-01-10 06:38:45,00:00:04,,You: Season 2: Just the Tip (Episode 2),,Google Sabrina ATV Set Top Box,00:32:28,Not latest view,US (United States)
JB,2024-01-10 00:47:58,00:32:21,,You: Season 2: Just the Tip (Episode 2),,Google Sabrina ATV Set Top Box,00:32:31,Not latest view,US (United States)
JB,2024-01-10 00:09:29,00:38:23,,You: Season 2: A Fresh Start (Episode 1),,Google Sabrina ATV Set Top Box,00:48:15,Not latest view,US (United States)
JB,2024-01-09 23:58:56,00:10:01,,You: Season 2: A Fresh Start (Episode 1),,Google Sabrina ATV Set Top Box,00:10:04,Not latest view,US (United States)
JB,2024-01-09 23:36:57,00:21:04,,You: Season 1: Bluebeard's Castle (Episode 10),,Google Sabrina ATV Set Top Box,00:49:13,00:49:13,US (United States)
JB,2024-01-09 14:10:01,00:00:13,Autoplayed: user action: None; ,Season 1 Teaser: Arcane,TEASER_TRAILER,iPhone 12,00:00:13,00:00:13,US (United States)
JB,2024-01-09 14:09:06,00:00:43,Autoplayed: user action: None; ,Season 1 Supporting Character Clip: BLUE EYE SAMURAI,HOOK,iPhone 12,00:00:43,00:00:43,US (United States)
JB,2024-01-09 08:23:49,00:19:47,,You: Season 1: Bluebeard's Castle (Episode 10),,Google Sabrina ATV Set Top Box,00:28:21,Not latest view,US (United States)
JB,2024-01-09 08:16:50,00:06:39,,You: Season 1: Bluebeard's Castle (Episode 10),,Google Sabrina ATV Set Top Box,00:09:06,Not latest view,US (United States)
JB,2024-01-09 08:16:30,00:00:04,,You: Season 1: Candace (Episode 9),,Google Sabrina ATV Set Top Box,00:08:49,00:08:49,US (United States)
JB,2024-01-09 07:21:12,00:42:20,,You: Season 1: Candace (Episode 9),,Google Sabrina ATV Set Top Box,00:02:12,Not latest view,US (United States)
JB,2024-01-09 07:15:34,00:00:24,Autoplayed: user action: None; ,Part 1 Trailer: Lupin,TRAILER,Google Sabrina ATV Set Top Box,00:00:24,00:00:24,US (United States)
JB,2024-01-09 06:46:25,00:00:14,Autoplayed: user action: None; ,Breaking Bad: Season 1_hook_primary_16x9,HOOK,Netflix Chrome MAC (Cadmium) HTML 5,00:00:14,Not latest view,US (United States)
JB,2024-01-09 06:42:15,00:00:02,,Breaking Bad: Season 1: Pilot (Episode 1),,Netflix Chrome MAC (Cadmium) HTML 5,00:00:02,Not latest view,US (United States)
JB,2024-01-09 06:38:37,00:00:11,Autoplayed: user action: None; ,Breaking Bad: Season 1_hook_primary_16x9,HOOK,Netflix Chrome MAC (Cadmium) HTML 5,00:00:11,Not latest view,US (United States)
JB,2024-01-09 06:38:22,00:00:05,Autoplayed: user action: None; ,Breaking Bad: Season 1_hook_primary_16x9,HOOK,Netflix Chrome MAC (Cadmium) HTML 5,00:00:05,Not latest view,US (United States)
